{"cameraMode":{"drawMode":0,"name":"Shaded","section":"Shading Mode"},"sceneLighting":false,"audioPlay":false,"sceneViewState":{"m_AlwaysRefresh":false,"showFog":true,"showSkybox":false,"showFlares":true,"showImageEffects":true,"showParticleSystems":true,"showVisualEffectGraphs":true,"m_FxEnabled":true},"in2DMode":false,"pivot":{"x":0.34860000014305117,"y":0.4000000059604645,"z":0.9421999454498291},"rotation":{"x":-0.24766208231449128,"y":0.5337849855422974,"z":-0.16699476540088654,"w":-0.7911990880966187},"size":0.024405181407928468,"orthographic":false}