{"cameraMode":{"drawMode":0,"name":"Shaded","section":"Shading Mode"},"sceneLighting":false,"audioPlay":false,"sceneViewState":{"m_AlwaysRefresh":false,"showFog":true,"showSkybox":false,"showFlares":true,"showImageEffects":true,"showParticleSystems":true,"showVisualEffectGraphs":true,"m_FxEnabled":true},"in2DMode":false,"pivot":{"x":0.019750595092773439,"y":0.006028220057487488,"z":0.2162395417690277},"rotation":{"x":0.21525868773460389,"y":-0.7599523067474365,"z":0.3086681365966797,"w":0.5299897789955139},"size":1.5262548923492432,"orthographic":false}