{"cameraMode":{"drawMode":0,"name":"Shaded","section":"Shading Mode"},"sceneLighting":false,"audioPlay":false,"sceneViewState":{"m_AlwaysRefresh":false,"showFog":true,"showSkybox":false,"showFlares":true,"showImageEffects":true,"showParticleSystems":true,"showVisualEffectGraphs":true,"m_FxEnabled":true},"in2DMode":false,"pivot":{"x":0.5658079385757446,"y":1.2232131958007813,"z":-0.0655508041381836},"rotation":{"x":0.015650637447834016,"y":0.8768494725227356,"z":0.028695372864603998,"w":-0.47973623871803286},"size":1.6515392065048218,"orthographic":false}